<?xml version="1.0" encoding="UTF-8"?>
<hospital>
    <patients>
        <patient id="1">
            <firstName>Jghidh</firstName>
            <lastName>dggd</lastName>
            <dateOfBirth>1990-01-15</dateOfBirth>
            <gender>Male</gender>
            <contact>
                <phone>123-456-7890</phone>
                <email>johndoe@example.com</email>
            </contact>
        </patient>
        <patient id="2">
            <firstName>agas</firstName>
            <lastName>dgsah</lastName>
            <dateOfBirth>1985-08-20</dateOfBirth>
            <gender>Female</gender>
            <contact>
                <phone>987-654-3210</phone>
                <email>janesmith@example.com</email>
            </contact>
        </patient>
        <patient id="3">
            <firstName>Jahah</firstName>
            <lastName>sahah</lastName>
            <dateOfBirth>1985-08-20</dateOfBirth>
            <gender>Female</gender>
            <contact>
                <phone>987-654-3210</phone>
                <email>janesmith@example.com</email>
            </contact>
        </patient>
    </patients>
</hospital>